Treinamento,"Pesos Iniciais (w0, w1, w2, w3)","Pesos Finais (w0, w1, w2, w3)",Número de Épocas
T1,[0.22178887 0.36602404 0.82795076 0.52038125],[-2.26551724  2.65537607  1.43009076  0.07526666],1000
T2,[0.99133631 0.24228635 0.00424279 0.74072876],[-1.99359957  2.37754734  1.1063044   0.21956522],1000
T3,[0.96598054 0.90345241 0.86182402 0.66230452],[-2.24100489  2.68492167  1.36567294  0.04710245],1000
T4,[0.67509852 0.63861105 0.1950564  0.36756179],[-2.16000286  2.64800467  1.24225076  0.05230227],1000
T5,[0.28846371 0.09264067 0.00357962 0.03757847],[-2.11384582  2.573725    1.22608409  0.07114481],1000
