Amostra,y (T1),y (T2),y (T3),y (T4),y (T5)
Amostra 1,-0.4485886509579693,-0.29728240736104705,-0.4511602175194643,-0.42148347702750627,-0.402242239868289
Amostra 2,-0.8688609042904163,-0.8323509400670688,-0.8799065465901432,-0.8798212409468038,-0.8563358807290136
Amostra 3,1.1630180830870642,1.030388723632077,1.1549468921666477,1.1189280166317825,1.096337955119334
