Treinamento,"Pesos Iniciais (w0, w1, w2, w3)","Pesos Finais (w0, w1, w2, w3)",Número de Épocas
T1,[0.23076567 0.90870823 0.68410252 0.79028301],[-0.64923433  0.57870823  0.32010252  0.40228301],41
T2,[0.67085479 0.4903143  0.68461276 0.68569414],[-0.34914521  0.1663143   0.31261276  0.15969414],61
T3,[0.26227653 0.54110241 0.6778138  0.05688011],[-0.31772347  0.28310241  0.4338138  -0.12911989],16
T4,[0.54524162 0.48871929 0.41487397 0.83043941],[-0.33475838  0.32871929  0.14487397  0.19243941],83
T5,[0.79773188 0.42274898 0.2180726  0.49981076],[-0.10226812  0.15274898  0.0020726   0.06981076],59
