Amostra,y (T1),y (T2),y (T3),y (T4),y (T5)
Amostra 1,-0.4024663259707955,-0.3437525463636863,-0.39275975968113386,-0.46487440307672995,-0.373353659866657
Amostra 2,-0.8599647408405614,-0.8164418507587308,-0.8391192350543919,-0.8820181493716599,-0.8411993051488155
Amostra 3,1.1166120051266821,1.0899253375880003,1.0842418119652377,1.1712687627930591,1.1192725280359719
